path,bytes,lines,sha256,syntax,syntax_error,classes,functions,imports
_legacy/v3/__init__.py,31,1,754741260c3e3bbb7a3dc26d84766a151472e2b851b68e24f204c7f7f95e1946,ok,,,,
_legacy/v3/_analyze_convos.py,531,14,dd3026aeb0dfc22800435367a338ff635d1c14310661d7ab34bc110c6a84111c,ok,,,,os;sqlite3
_legacy/v3/_analyze_db.py,1198,36,aecf6a79d9f3d1b011d65ba125e3f145ce83a02f63e2e5eed631cd9ba434490f,ok,,,,json;os;sqlite3
_legacy/v3/_analyze_session.py,5135,150,8d3d340c600bd21314639abc84ae0ecebbdac65357f53816a2403cc34017a6d3,ok,,,,datetime;json;os;sqlite3
_legacy/v3/analyze_code.py,5197,153,0abd1f3f7d75343d07a0bae24333da7b016923a09a20d99a75188691ccfc7764,ok,,CodeAnalyzer,__init__;_analyze_ast;analyze_file;generate_report;scan_directory,ast;collections;os;pathlib;sys
_legacy/v3/config.py,31699,735,156c0b8653c177ad8ac3a8625d5d79b499466487945524f8862e02c88a32bf6e,ok,,,,os;pathlib
_legacy/v3/core/__init__.py,15,1,196466b5894c33fecc604abdf005bce5e40b500fecc50dd1f07e957e47d7dcea,ok,,,,
_legacy/v3/core/affective_computing_deep.py,25027,710,2c2bf423f101e03d8542039e05422da063b4e43273cf441dfd0026419678733f,ok,,AffectiveSystem;ComplexEmotion;EmotionalState;Mood;PrimaryEmotion,__init__;_add_emotion;blend_emotions;check_emotional_complexity;create_emotional_conflict;decay_emotions;express_emotion;express_vulnerability_if_comfortable;generate_emotion;get_affective_context;get_emotion_for_event;get_emotional_context_with_complexity;get_emotional_description;get_recent_emotions;regulate_emotion;suppress_emotion_consciously;update_mood,dataclasses;datetime;emotional_complexity;enum;json;logging;random;typing
_legacy/v3/core/agent_delegation.py,12163,324,0261fc1e2d69dc568c4068d076e0667179ae6bc0120743b31ac842aa5b30baf6,ok,,AgentDelegator;Specialist;TaskResult,__init__;_estimate_confidence;_generate;auto_delegate;delegate;delegate_chain;get_history;get_stats;register_tool;to_dict,datetime;enum;logging;time;typing
_legacy/v3/core/autonomous_agent.py,9046,246,10eced097f190da7653de6cc93c5093fcb1dd7fa2467f721bab61b434fdc2902,ok,,AutonomousAgent;Intent,__init__;__repr__;can_execute_autonomously;detect_intent;extract_parameters;select_tool,core;dataclasses;re;typing
_legacy/v3/core/autonomous_handlers.py,11223,256,38894b99ef5c976e1e4c8229d612db4e6e2a365cc3dd2a36a486bb9f9ddb3004,ok,,AutonomousHandlers,_execute_python_code;_explain_command;_handle_code_execution;_handle_create_file;_handle_delete_file;_handle_edit_file;_handle_enhanced_commands;_handle_file_operations;_handle_list_files;_handle_read_file;_list_all_capabilities;_run_and_analyze_command;_suggest_command,re;typing
_legacy/v3/core/autonomous_life.py,23640,588,da1361e5eff476649d0435b5c4c29882e7cab6c0f969ad609f4dbb3762c7793c,ok,,AutonomousLife,__init__;_basic_cycle;_biological_tick;_check_health;_check_promises;_check_user_presence;_cycle;_decay_emotions;_evolve;_express_health_needs;_have_proactive_thought;_life_loop;_load_state;_log_away_activity;_maybe_evolve;_pursue_goals;_reflect;_request_rest;_save_state;_should_check_health;_should_reflect;_should_work_on_goals;_summarize_away_activities;get_pending_message;get_status;has_pending_messages;mark_user_interaction;queue_message;start;stop,asyncio;collections;config;datetime;json;logging;pathlib;random;threading;time;typing
_legacy/v3/core/background_tasks.py,4452,142,2b7e4bbc9da9c951e52f5d783e3ff3b0b33feb8c1dbbc3aefa5a81916038f74b,ok,,BackgroundTaskManager;ProactiveTasks,__init__;_worker;add_task;check_calendar_reminders;cleanup_old_memories;generate_daily_summary;health_check;remove_task;start;stop,datetime;schedule;threading;time;typing
_legacy/v3/core/bot_core.py,9688,249,5f530047155c31a80237ae47d5360511fa8fe73f3243a3de1e99fe5f88519583,ok,,VoiceBot,__init__;_ask_ollama;_handle_name_change;_main_loop;_process_input;start;stop,core;integrations;random;time;typing;utils
_legacy/v3/core/bot_initializers.py,21576,496,1dda8ff21c1d6c791dd5ecc97b46c41f3d147e4c65f93365287be27901f9994c,ok,,,init_communication_clients;init_integration_modules;init_sentience_v2;init_trackers;init_v32_features;init_v3_systems,config;core;evolution;integrations;learning;utils
_legacy/v3/core/cognitive_architecture.py,17644,515,1d99bd2a8d5317b8acb9a47fcb44387485f868f071ffd26f92c99e808cb9c944,ok,,Attention;CognitiveArchitecture;MentalState;Thought;WorkingMemory,__init__;_generate_curious_question;_generate_reflection;_llm_think;_update_mental_state;add_thought;attend;clear;decide;focus_on;full_cognitive_cycle;get_active_thoughts;get_cognitive_context;get_inner_monologue;get_recent_thoughts;get_summary;get_working_memory_contents;monitor;perceive;rest;think,dataclasses;datetime;enum;random;typing
_legacy/v3/core/context_cascade.py,13852,352,ee844d8cbcf2141b62c2269ba55941a3ff0f22ca5f4a6952830fadc643f49e05,ok,,ContextCascade,__init__;_calculate_intensity;_extract_topics;_load_from_disk;_save_to_disk;_topics_related;_update_momentum;_update_relationship;boost_rapport;get_context_summary;get_influenced_emotion;get_relationship_modifier;load_state;process_turn;reset_thread;save_state;should_reference_past,collections;config;datetime;json;typing
_legacy/v3/core/context_manager.py,8993,251,4e7016fa4ec91b6d4bbd1733454c239ee70f3740c2068213e63e1fe63882bbfd,ok,,ContextManager;ContextSlot,__init__;add_slot;available_tokens;build_prompt;clear_slot;create_default_context_manager;enable_slot;estimate_tokens;get_status;is_empty;max_tokens;set_content;token_count;truncate_to_tokens,dataclasses;logging;typing
_legacy/v3/core/conversation_analyzer.py,11284,293,0a1fc29d9be6478b9b6e87631083422caf379860e334f5bd04c69a4d2b1447e7,ok,,ConversationAnalyzer,__init__;_analyze_sentiment;_calculate_engagement;_calculate_enthusiasm;_detect_topics;_get_mood_label;analyze_message;get_conversation_summary;get_insights;suggest_response_style,collections;datetime;re;typing
_legacy/v3/core/conversation_memory.py,23945,651,3546ad97d045f16c441d480f1fc4b52c76634059dd4b971c941a30a731589417,ok,,ConversationMemory,__init__;_conn;_generate_summary;_get_transcript_lines;_heuristic_summary;_init_schema;_parse_summary_json;_row_to_conv;add_utterance;close_stale;end_conversation;finalize_conversation;get_action_items;get_by_date;get_conversation;get_recent;get_stats;get_today;get_utterances;get_yesterday;prune_older_than;search;start_conversation,config;datetime;json;logging;pathlib;sqlite3;threading;typing
_legacy/v3/core/debug_mode.py,8425,232,cb05273b80cfaf66fa67161de2b0824cf04025e1c862a67f815dbbdd924cc0dd,ok,,DebugTracer;ResponseTrace,__init__;duration_ms;enabled;finish;get_last_trace;get_status;get_subsystem_stats;get_traces;record;record_llm_call;summary;to_dict;trace_response,contextlib;datetime;logging;threading;time;typing
_legacy/v3/core/diary_manager.py,4923,134,45d35e0c8fb24477e853f01cb6a5ebdb5b48c2c97587a8255cc0964156bcb22b,ok,,DiaryManager,__init__;_get_connection;_init_database;add_entry;generate_weekly_insights;get_week_summary,config;datetime;pathlib;sqlite3;typing
_legacy/v3/core/dream_system.py,25733,662,4ee0b0265e1671f9cca390be0adcfcaf77765b0d0cd1e31ecc8ac9f30dc703dc,ok,,Dream;DreamSystem;Insight,__init__;_consolidate_memories;_create_dream;_discover_patterns;_find_connections;_generate_insights;clear_sleep_data;enter_sleep;exit_sleep;get_morning_share;get_sleep_summary;process_sleep,dataclasses;datetime;json;logging;random;typing
_legacy/v3/core/dynamic_command_system.py,13131,359,97d8750d7b8ad179ec49502996b106d4ca9198dbf6ac363eccbc0d0ee8bb6454,ok,,CommandResult;CommandSafetyLevel;DynamicCommandSystem;SafetyRules,__init__;_execute_safe_command;_load_history;_request_approval_for_dangerous;_request_approval_for_paid_api;_save_history;classify_command;execute_command;get_command_suggestions;get_stats;learn_from_history;to_dict,datetime;enum;json;logging;pathlib;re;subprocess;typing
_legacy/v3/core/embodied_experience.py,9835,249,82ca427958937012c6b0c562705692cb35c1f6c48799cae96e5ddbaa8fc042b2,ok,,EmbodiedExperience;VisualEmotionEvent,__init__;_analyze_scene_emotion;feed_to_affective_system;get_state;get_visual_emotional_context;process_visual_scene,dataclasses;datetime;json;logging;typing
_legacy/v3/core/emotion_detector.py,4784,125,a272ed9926df3eb954df6aac79af7c27d500aef9c3815d4745a5dfa001705f9a,ok,,VoiceEmotionDetector,__init__;_extract_energy;_extract_pitch;_extract_spectral_centroid;_extract_tempo;analyze_audio,core;librosa;numpy;typing
_legacy/v3/core/emotion_detector_dummy.py,252,6,d5931dea4ddeea2a269c08b0e0f127093d17bd7a1434b9944cce705422f1f62c,ok,,VoiceEmotionDetector,__init__,
_legacy/v3/core/emotional_complexity.py,17822,437,10ece3ea68fb5c060f3c07190ba7585b95fc2e1a365f3d6be3859e828fe7dcf9,ok,,EmotionalComplexity;EmotionalConflict;EmotionalConflictType;SuppressedEmotion,__init__;_calculate_tension;_classify_conflict;_llm_emotional_expression;check_emotional_leak;create_bittersweet;create_conflict;express_conflict;express_vulnerability;get_complexity_context;get_emotional_state;regulate_emotion;resolve_conflict;suppress_emotion,dataclasses;datetime;enum;logging;random;typing
_legacy/v3/core/emotional_continuity.py,6818,185,8f2ed98e395865ff7d649848735b8dfb968e2df81f0698943792d8030042f8e3,ok,,EmotionalContinuity,__init__;_format_emotional_recall;_get_emotional_memories;detect_emotional_contagion;get_emotional_summary;load_emotional_state;save_emotional_state;track_emotional_arc;trigger_emotional_memory,config;datetime;json;random;typing
_legacy/v3/core/emotions.py,5105,170,29bba1ffed32ede9b7671998fcaadad6c9e9acdae2341caea543aa2aae37dd3a,ok,,Emotion;EmotionConfig,detect_emotion_from_text;get_emotion_config,dataclasses;enum;typing
_legacy/v3/core/enhanced_bot.py,215565,4344,5101085deeb4bc37c2e7116ac0367f9aaafe02ba8dffc9c3dfc91688058574f8,ok,,UltimateBotCore;_EmotionJournal,__init__;_ask_ollama_enhanced;_build_capabilities_context;_count_notes;_delete_notes;_enter_sleep_mode;_generate_sleep_thoughts;_handle_api_request;_handle_clipboard_history_request;_handle_clipboard_request;_handle_database_request;_handle_document_request;_handle_email_request;_handle_irc_request;_handle_model_request;_handle_music_request;_handle_name_change;_handle_note_commands;_handle_note_content;_handle_pdf_request;_handle_screen_request;_handle_screenshot_request;_handle_scripting_request;_handle_ssh_request;_handle_summarize_request;_handle_system_monitor_request;_handle_telegram_request;_handle_timer_request;_handle_translation_request;_handle_whatsapp_request;_handle_window_request;_kw_match;_listen;_main_loop;_print_enabled_features;_process_input;_read_notes;_reinit_tts;_safe_init;_save_note;_search_notes;_setup_background_tasks;_setup_health_monitoring;_speak;_summarize_conversation;_try_autonomous_execution;_try_dynamic_command;_wake_from_sleep;get_emotional_insights;process_input;record;start;stop,config;core;datetime;evolution;integrations;learning;pathlib;pyttsx3;random;re;shutil;subprocess;sys;time;traceback;typing;utils
_legacy/v3/core/enhancement_commands.py,10241,246,326f47fc76965a9ad58c9131210f03840082ab7e0a9faca602a155b81491d08d,ok,,,apply_personality_quirks;check_pending_reminders;check_special_dates;handle_diary_commands;handle_message_drafting_commands;handle_project_commands;handle_special_dates_commands;handle_storytelling_commands;handle_task_commands,datetime;random;time
_legacy/v3/core/enhancements.py,14198,381,71d258f6106224abecd19c29a714b7a14f7ceec3c468ae8aab7c6d39a5625c57,ok,,ConversationInsights;EmotionJournal;GoalManager;LearningTracker;RelationshipTracker,__init__;_check_milestones;_load_data;_load_entries;_load_goals;_load_learnings;_save_data;_save_entries;_save_goals;_save_learnings;add_goal;add_learning;add_milestone;get_active_goals;get_conversation_patterns;get_emotion_frequency;get_emotional_insights;get_emotional_timeline;get_goals_by_category;get_learnings_by_category;get_recent_learnings;get_relationship_summary;initialize_enhancements;record_emotion;record_interaction;reinforce_learning;update_progress;update_understanding,datetime;json;os;pathlib;sqlite3;typing
_legacy/v3/core/ethical_reasoning.py,22129,561,dde8f5b7618c636a9d097e1e2a47b2d0203653107cb0b4a625dbd3c945e6a584,ok,,EthicalDecision;EthicalDilemma;EthicalPrinciple;EthicalReasoning,__init__;_violates_boundary;check_alignment;evaluate_action;generate_ethical_explanation;get_ethical_context;predict_consequences;reflect_on_decision;resolve_dilemma;should_be_transparent,dataclasses;datetime;enum;json;logging;typing
_legacy/v3/core/fact_extractor.py,7193,210,94c659003de15b3b20750d6f49083a5aabf49562644729b50d9b705b20bfb67f,ok,,FactExtractor,__init__;_clean_entity;_compile_patterns;_is_stopword;extract_facts,re;typing
_legacy/v3/core/homeostasis_system.py,18245,521,e9c04645af71116526275c79f2ff3150c644e68ebb712d645dc8a536eee09642,ok,,HealthStatus;HomeostasisSystem;MaintenanceNeed;ResourceLevel;ResourceType,__init__;_flag_critical_resource;assess_health;deplete_resource;detect_maintenance_needs;express_need;get_homeostasis_context;perform_self_care;request_maintenance;restore_resource;should_request_break;simulate_conversation_load;update_health_status,dataclasses;datetime;enum;logging;typing
_legacy/v3/core/identity_commands.py,12386,347,ef9c253b6974d5137cf19c8d70479648cc973b8d5e6e0bd73814a2b965ba19fd,ok,,,_heartbeat_check;_show_identity;_show_soul;_show_user_profile;_update_soul;_update_user_profile;autonomous_identity_update;handle_identity_commands;trigger_autonomous_self_editing,random;typing
_legacy/v3/core/identity_manager.py,13567,407,d07047decd873dd40ddb70c685133f400b6b3759df8413b45eb5bc7bcd649357,ok,,IdentityManager,__init__;_get_default_bootstrap;_get_default_heartbeat;_get_default_identity;_get_default_soul;_get_default_tools;_get_default_user;_initialize_files;append_to_identity;check_heartbeat;get_bootstrap_greeting;get_bootstrap_script;get_full_identity_context;get_heartbeat_tasks;get_identity;get_soul;get_tools;get_user_profile;update_identity,config;datetime;pathlib;typing
_legacy/v3/core/interrupt_handler.py,5820,164,4e5c7832c2534a98324af2f28a126a8c90d6092efcd7cf835da89da630d072ac,ok,,InterruptHandler;InterruptibleTTS,__init__;_listen_for_interrupts;_split_sentences;_start_voice_listener;_stop_voice_listener;interrupt;is_speaking;reset;should_continue;speak_interruptible;start_speaking;stop_speaking,re;speech_recognition;threading;time;typing
_legacy/v3/core/intrinsic_motivation.py,21612,557,232d759fcc058895d926bb237144856011db9c4951e25207a6db914c3637b164,ok,,Goal;Interest;IntrinsicMotivation;MotivationType,__init__;__post_init__;_init_default_goals;add_goal;add_interest;celebrate_progress;explore_interest;express_goal_pursuit;generate_curious_question;generate_mastery_action;get_active_goals;get_initiative_action;get_motivation_context;get_priority_goal;update_from_conversation;update_goal_progress,dataclasses;datetime;enum;json;logging;random;typing
_legacy/v3/core/knowledge_graph.py,16167,430,55df57a13f2abd6424eff774515666d4674da1622f67ac88f754fc67974ec321,ok,,KnowledgeGraph,__init__;_infer_node_type;_try_inference;add_fact;explain_connection;find_path;get_connections;get_node_context;get_stats;get_user_interests;infer_from_pattern;load_from_disk;save_to_disk,config;datetime;json;networkx;pathlib;typing
_legacy/v3/core/learning_system.py,6035,178,44e93eef32d3a20158e014801a65c072832dc4f43cd684b6064e52d3ebfd29de,ok,,LearningSystem,__init__;_load_corrections;_load_knowledge;_save_corrections;_save_knowledge;detect_correction;get_corrections_context;get_learned_facts;get_preferences;learn_correction;learn_fact;learn_preference,config;datetime;json;pathlib;typing
_legacy/v3/core/llm_logger.py,11474,319,145600aa3e56d0738ecbdb905ffd5beda9807afc55d4cbd36722dd314fc0252f,ok,,LLMCallTracker;LLMLogger,__init__;_init_db;_store;duration_ms;finish;get_recent_calls;get_stats;get_subsystem_breakdown;get_token_usage_timeline;log_call;set_error;set_prompt;set_result;set_tokens;track,config;contextlib;datetime;logging;pathlib;sqlite3;threading;time;typing
_legacy/v3/core/llm_provider.py,31832,834,a5579cc8d649ba67f21a64866a64cd117e118f9156c5035c3de4a1812b1ec25e,ok,,AnthropicProvider;CircuitBreaker;LLMProvider;OllamaProvider;OpenAICompatibleProvider;OpenAIProvider,__init__;_build_fallback_chain;_headers;_is_oom_error;_provider_name;_try_fallback_model;allow_request;ask_for_decision;ask_with_context;create_provider;generate;generate_name;generate_with_context;generate_with_image;generate_with_vision;get_status;record_failure;record_success;refine_query;state;test_connection,abc;base64;config;datetime;json;logging;os;requests;threading;time;typing
_legacy/v3/core/memory.py,8447,239,13b3212fe0c845507112198d2b213c4e33264e7c19234854935e7bd913add654,ok,,MemoryManager,__init__;_get_connection;_init_database;_save_emotional_memory;clear_old_sessions;get_active_instances;get_context_for_llm;get_persistent_memory;get_recent_conversations;save_conversation;save_to_persistent;update_instance_status,config;datetime;pathlib;sqlite3;typing
_legacy/v3/core/message_drafter.py,3339,96,630acc012fcd56b99fd658eb046219bb0dbec82ffd38a446eea1cde09d02c6f4,ok,,MessageDrafter,__init__;draft_email;make_friendlier;make_more_professional;make_shorter;refine_draft,
_legacy/v3/core/metacognition.py,18386,470,48e413e9ff82ab37e23e2a8bdb61e7b1a303e7ea2e642bbef3f3b4d80023bc9c,ok,,CognitiveBias;ConfidenceLevel;Metacognition;ResponseAssessment,__init__;_assess_clarity;_assess_completeness;_assess_confidence;_detect_biases;_generate_alternatives;_get_common_biases;_identify_limitations;_llm_detect_biases;_llm_generate_alternatives;assess_response;get_alternative_viewpoint;get_metacognitive_context;get_thinking_quality_stats;get_uncertainty_expression;self_correct;should_express_uncertainty;should_offer_alternative_view,dataclasses;datetime;enum;json;logging;random;typing
_legacy/v3/core/multi_agent.py,13666,366,7e2402723b0c4d06d8535d4a41868f1947fa09b412501070b675d729cbe2e2bb,ok,,Agent;AgentMessage;AgentRole;MultiAgentOrchestrator,__init__;_init_agents;get_stats;process;process_task;quick_decide;to_dict,datetime;enum;json;logging;time;typing
_legacy/v3/core/multimodal_emotion.py,11241,286,1fa0e9f1eb9e0eb82f420613c60113b8ef7fa675138d885f04dd978d0ef5d3eb,ok,,MultiModalEmotionBridge;VoiceToneEvent,__init__;detect_emotional_resonance;feed_tone_to_affective;get_enhanced_emotion_config;get_prosody_for_emotion;get_state;get_voice_emotional_context;process_voice_tone;scale_adjustment,dataclasses;datetime;logging;typing
_legacy/v3/core/note_commands.py,6608,183,d866d70c33ecc77f837a5d7530dd4e2b386796868146da21ea56adba17c4cd46,ok,,,_count_notes;_delete_notes;_handle_note_commands;_handle_note_content;_read_notes;_save_note;_search_notes;_summarize_conversation,random
_legacy/v3/core/notes_manager.py,10151,307,1e983a190beb1fff6c69d9def9e29e02104c01ff741eb248eaeeabaa7329a0e8,ok,,NotesManager,__init__;_format_time_ago;_get_connection;_init_database;add_note;auto_categorize;delete_note;delete_notes_by_content;extract_importance;format_notes_for_speech;get_all_notes;get_note_count;get_notes_by_category;mark_completed;search_notes,config;datetime;json;pathlib;sqlite3;typing
_legacy/v3/core/ollama_cache.py,5782,164,894099bafbc0be0b4da0ed9bcce928fa4d24b9b88491bb25dd8fae17574640f9,ok,,OllamaCache,__getattr__;__init__;_cleanup_expired;_evict_if_needed;_is_expired;_make_key;generate;get_stats;invalidate;test_connection,collections;hashlib;json;logging;threading;time;typing
_legacy/v3/core/os_awareness.py,14357,370,c6926a18f15e552c508e98fff83b136b160d9a95d24d33a4a8ab6dbbd1eb0bbb,ok,,OSAwareness,__init__;adapt_command;execute_safe;get_context_for_llm;get_environment_summary;get_installed_software;get_network_info;get_running_processes;get_shell;get_system_resources;is_linux;is_mac;is_process_running;is_windows,datetime;logging;os;pathlib;platform;re;shutil;subprocess;sys;typing
_legacy/v3/core/performance_monitor.py,12647,305,c433ce89190d9121a509e82354d077a96733a8c763b4337b77ac645a6decd35c,ok,,PerformanceMonitor,__init__;_monitor_loop;end_operation;format_report;get_health_status;get_recommendations;get_stats;record_error;start_operation;stop,collections;datetime;psutil;statistics;threading;time;typing
_legacy/v3/core/permission_manager.py,6174,220,3ad2d8fc9e2bb4c5674a5b2c8c71dd1441aba1f08ced94b0132c8573779f7c8c,ok,,PermissionManager,__init__;clear_audit_log;get_audit_log;get_safety_report;is_dangerous;is_safe;log_execution;requires_permission,datetime;logging;re;typing
_legacy/v3/core/persistent_emotions.py,15812,362,8edd87e806cbd91a1e07a5288c0605c86785bdd8a7bf4a6f033b16c38a95dd93,ok,,PersistentEmotionStore,__init__;_ensure_tables;_get_conn;get_dominant_emotion_over_time;get_emotional_timeline;load_emotional_state;restore_to_affective_system;save_emotional_state;update_baselines,core;datetime;json;logging;pathlib;sqlite3;typing
_legacy/v3/core/personality.py,28430,652,8831a83dba4cbc3265af43b22d20463e9ca5f376cc0b7aa55dd3bae1055a47fb,ok,,PersonalityCore,__init__;_express_emotion;_generate_curiosity_question;_load_user_profile;_reflect_aloud;_share_observation;_suggest_activity;check_goal_progress;check_unfinished_topics;create_something;drift_mood_naturally;express_meta_awareness;express_self_doubt;express_uncertainty;form_opinion;generate_contextual_response_prefix;generate_followup_question;generate_internal_dialogue;generate_proactive_thought;generate_surprise;get_personality_context;get_temporal_context;learn_from_conversation;log_personality_change;reflect_on_personality_change;should_ask_followup;should_be_proactive;track_unfinished_topic;track_user_goal;trigger_memory_recall,config;core;datetime;random;time;typing
_legacy/v3/core/personality_quirks.py,7504,176,5d5d80d00f70bf965fe606056de6f5a6e6c5e3234ebb21e81fbb3381ed419959,ok,,PersonalityQuirks,__init__;_llm_generate;add_self_awareness;express_curiosity;get_conversation_starter;get_inside_joke_response;get_random_topic;get_signature_phrase;inject_personality;respond_to_compliment;should_show_quirk,logging;random;typing
_legacy/v3/core/phase5_integration.py,20359,565,eb2825b499911bd8e9d6047b07ce95ba05c3746b732ffc0337e61f56796ecacf,ok,,AffectiveSystem;CognitiveArchitecture;DreamSystem;EthicalReasoning;HomeostasisSystem;IntrinsicMotivation;Phase5Integration;PromiseSystem;ReflectionSystem;SelfModel;TheoryOfMind,__init__;_extract_task_type;enter_sleep_mode;evaluate_proposed_response;get_current_state;get_full_context_for_llm;load_state;post_response_processing;process_user_input;save_state;wake_up,affective_computing_deep;cognitive_architecture;dream_system;ethical_reasoning;homeostasis_system;intrinsic_motivation;logging;os;promise_system;reflection_system;self_model_enhanced;sys;theory_of_mind;typing
_legacy/v3/core/project_tracker.py,5306,163,ed8ff5b7ee8582e0f2892a369057ffceaf9bb4c012b57b56e0afcf1b6d32e2e5,ok,,ProjectTracker,__init__;_get_connection;_init_database;add_session;complete_project;create_project;get_active_projects;get_project_summary,config;datetime;json;pathlib;sqlite3;typing
_legacy/v3/core/promise_system.py,19662,522,bb1973d45272e672b2a336c29ba43aa1527fdc1836654630208b92b7c80aa73e,ok,,Promise;PromiseStatus;PromiseSystem;PromiseType,__init__;_update_trust_score;break_promise;check_for_reminders;detect_promise_in_text;fulfill_promise;generate_acknowledgment_of_broken_promise;generate_celebration_of_kept_promise;generate_reminder_message;get_overdue_promises;get_pending_promises;get_promise_context;get_trust_assessment;get_upcoming_promises;load_from_file;make_promise;save_to_file;to_dict,dataclasses;datetime;enum;json;logging;os;random;typing
_legacy/v3/core/reflection_system.py,15638,463,91dcb4f70b50d3322ccab823817bb99a21b2a1583183536dc30d9220993bba28,ok,,Reflection;ReflectionSystem;ReflectionType,__init__;_llm_reflect;analyze_conversation_quality;counterfactual_thinking;generate_growth_reflection;generate_pattern_reflection;generate_thinking_aloud;generate_uncertainty_reflection;get_actionable_insights;get_reflection_context;notice_pattern;reflect_in_moment;reflect_on_growth;reflect_post_conversation;save_to_identity;to_dict,dataclasses;datetime;enum;random;typing
_legacy/v3/core/robust_wrapper.py,7326,212,53c6b3351dcbba7954fb1dfa9480e4f678380b5cfc6c6b48f929c7b16933ecf1,ok,,HealthMonitor;ResourceManager,__enter__;__exit__;__init__;add_resource;decorator;is_healthy;register_check;run_checks;safe_execute;safe_file_operation;timeout_function;timeout_handler;validate_input;wrapper,functools;signal;time;traceback;typing
_legacy/v3/core/safety_manager.py,9874,259,01b0abb2c5c5de1465901551f1ad25e09e5aa13eb258774f0edcb8f99841274d,ok,,ActionRisk;SafetyManager;SafetyMode,__init__;_audit;can_execute;classify_action;get_audit_log;get_status;is_killed;kill;mode;set_mode;unkill,datetime;enum;logging;threading;time;typing
_legacy/v3/core/self_model_enhanced.py,16458,462,6c68a2410423ce6dfd2b515d1b176862a57c343debe42b5ca5032de93a3c551d,ok,,Capability;CapabilityLevel;CurrentState;SelfModel,__init__;_init_capabilities;assess_capability;deplete_energy;discover_strength;discover_weakness;express_limitation;get_growth_reflection;get_self_awareness_context;get_self_description;get_state_assessment;increment_age;reset_energy;to_dict;update_capability;update_state,dataclasses;datetime;enum;json;random;typing
_legacy/v3/core/self_reflection.py,13239,349,e3118af05964df6410f2a7d2e34f5df35b145d5e175d3d07ff77c4e2451c6fd6,ok,,ReflectionEntry;SelfReflection,__init__;_avg_effectiveness;_load;_rule_based_reflection;_save;get_relevant_lessons;get_stats;reflect;reflect_on_action;to_dict,datetime;json;logging;pathlib;time;typing
_legacy/v3/core/sentience_benchmark.py,20908,475,0d7da3cc8527b69681a32fe1cba18ad92e50ae30f10e6e659eaab98de8541227,ok,,BenchmarkResult;SentienceBenchmark,__init__;_add_result;_bench_autonomy;_bench_emergence;_bench_emotions;_bench_ethics;_bench_goals;_bench_memory;_bench_metacognition;_bench_self_awareness;_bench_social;_bench_vulnerability;_llm_test;get_latest_report;run_full_benchmark;to_dict,datetime;json;logging;pathlib;time;typing
_legacy/v3/core/session_manager.py,10131,256,4c4407947142a8ff4a5a0d763731508846514c5a05d05ee5a7e70278709f6917,ok,,SessionManager,__init__;_generate_continuity_greeting;_get_last_session_summary;_time_since_last_session;get_memorable_moments;mark_conversation_anchor;should_reference_past_anchor;start_new_session,config;datetime;random;typing
_legacy/v3/core/seven_true_autonomy.py,26568,659,ab2280b6a207df861f9e4f4dbbb966764a6487c113b0b70045de717a94dfb77c,ok,,TrueAutonomy,__init__;_fetch_web_content;_store_knowledge;_summarize_with_ollama;autonomous_cycle;browse_tech_news;celebrate_and_share;check_promises_and_tasks;clarify_and_research;create_autonomous_goal;create_project;create_research_notes;default_behavior;explore_and_learn;find_interesting_activity;gentle_exploration;organize_and_reflect;practice_skill;reflect_and_dream;research_topic;simplify_and_prioritize;take_break_or_simplify;work_on_exciting_project;work_on_priority_goal,asyncio;datetime;homeostasis_system;integrations;logging;pathlib;random;typing
_legacy/v3/core/social_sim.py,19806,522,e75af2986fa215187d46714ecf2e00c3353b6c60a5111ba68af796000ce97b0a,ok,,DebateResult;DebateTopic;Persona;SocialSimulation,__init__;_apply_influence;_calculate_emotional_influence;_generate_contextual_topic;_init_personas;_log_to_memory;_synthesize_consensus;generate_topic;get_status;queue_topic;run_debate;run_dream_session;to_dict,datetime;enum;json;logging;random;threading;time;typing
_legacy/v3/core/special_dates.py,4898,150,836c7e8dc3eba8339e6861b7a353e8070cf69ff7a136e1bb97081ba719d45ba7,ok,,SpecialDatesManager,__init__;_get_connection;_init_database;add_special_date;format_upcoming_dates;get_todays_dates;get_upcoming_dates;mark_celebrated,config;datetime;pathlib;sqlite3;typing
_legacy/v3/core/state_machine.py,9039,270,b39077d5b4d1f1aa80bacf423558ccbc9ccdcb70ef269abedec76de964725e35,ok,,AgentState;AgentStateMachine;InvalidTransition,__init__;__repr__;_record_history;can_transition;force_state;get_status;history;on_enter;on_exit;previous_state;state;time_in_state;transition,datetime;enum;logging;threading;typing
_legacy/v3/core/storytelling.py,3182,97,789d30e6ca1ea7590014b10394c562a4aba4bd73d8d240983bd57eef5116c462,ok,,StorytellingEngine,__init__;continue_story;generate_story,random;typing
_legacy/v3/core/structured_identity.py,14322,441,29ff5696700a7cfe4a8e9e903d2c2eb48669ee6dbd2124b9729c35b6d2b1847b,ok,,StructuredIdentity,__init__;append_to_user_notes;check_heartbeat;get_bootstrap_greeting;get_file;get_llm_context;get_minimal_reply;get_stats;load_all;should_bootstrap;should_use_silent_reply;update_file;update_user_field,config;datetime;pathlib;re;typing
_legacy/v3/core/surprise_system.py,16616,394,d3bde061a106cec978392b7b114c0e8e9bf7ae1f04321cfeb0fc1c9e5f30f00b,ok,,Expectation;GenuineSurpriseSystem;SurpriseEvent,__init__;_calculate_surprise;_surprise_to_emotion;_update_patterns;build_expectations;evaluate_surprise;get_state;get_surprise_expression,dataclasses;datetime;json;logging;random;typing
_legacy/v3/core/task_manager.py,13914,398,44593706f030e974f1bca73889de9850da19535ebb1c246902fc1639d6f6b726,ok,,TaskManager,__init__;_format_time_until;_get_connection;_init_database;add_reminder;add_task;complete_task;delete_task;format_task_list;get_active_tasks;get_overdue_tasks;get_pending_reminders;get_upcoming_tasks;mark_reminder_triggered;parse_reminder_time;search_tasks,config;datetime;json;pathlib;sqlite3;typing
_legacy/v3/core/temporal_continuity.py,17076,409,0b884dcd41ce03aa74d6ab174fa24202124dc433c4ead9e5b45f028fb7952c50,ok,,TemporalContinuity,__init__;_check_milestones;_create_default_state;_load_state;_record_wakeup;format_duration;get_absence_duration;get_age;get_recent_milestones;get_session_duration;get_state;get_subjective_session_feeling;get_temporal_greeting_addition;get_total_uptime;get_wakeup_context;record_interaction;record_shutdown;record_sleep;record_wake_from_sleep;save_state,datetime;json;logging;pathlib;typing
_legacy/v3/core/temporal_learner.py,5641,163,c9380bbec603bea2b24a611161e1e0c82b978cf2c4b1232eee2017865ab81a98,ok,,TemporalLearner,__init__;_hour_to_time_string;_load_patterns;get_temporal_insight;record_interaction;should_adjust_proactivity,config;datetime;typing
_legacy/v3/core/theory_of_mind.py,23234,635,06d54162632a32f81ee9429d8fdd6bfbac6318138963e39a290b89c3a31a5798,ok,,TheoryOfMind;UserBelief;UserEmotion;UserIntent;UserMentalState,__init__;_keyword_infer_emotion;_llm_infer_emotion;_update_tracking;get_empathy_response;get_theory_of_mind_context;infer_emotion;infer_intent;model_user_belief;predict_reaction;predict_user_needs;recommend_communication_style;update_knowledge_level,dataclasses;datetime;enum;json;logging;random;re;typing
_legacy/v3/core/tool_library.py,10800,283,76425b6ec75ed7aaacfe9184091be6e45c32c96176ff12a60af2d13414d2c997,ok,,Tool;ToolLibrary,__init__;_init_tools;_parse_calc;_parse_network;_parse_processes;_parse_wifi;execute;get_tool;get_tool_count;list_tools,re;subprocess;typing
_legacy/v3/core/user_model.py,7125,195,b4b3744f654cd4949b0510bfd4d2f1c9d9252103ffe5e9e454e571bc9471648f,ok,,UserModel,__init__;_load_profile;_save_profile;add_goal;add_interest;get_full_profile;get_profile_context;infer_communication_style;track_conversation;update_basic_info;update_relationship_depth,config;datetime;json;pathlib;typing
_legacy/v3/core/user_predictor.py,19414,544,835954ddd204500b1202134f3e6165bef1fedb84db603f5ba4236cfb46d0c01c,ok,,InteractionRecord;UserPredictor,__init__;_analyze_activity_patterns;_analyze_mood_trend;_analyze_topic_preferences;_compute_session_lengths;_default_data_dir;_load_predictions;_load_records;_parse_timestamp;_predict_next_interaction;_save_predictions;_save_records;_train_arima;collect_from_memory;from_dict;get_mood_forecast;get_status;get_suggested_greeting_mood;is_user_likely_active;record_interaction;should_be_proactive;to_dict;train,collections;datetime;json;logging;math;os;pandas;pathlib;statsmodels;time;typing
_legacy/v3/core/v2/__init__.py,1162,48,8b8334c1333d64ec7a22089108eaf478290c66375696ce47a59353cba5e8ba21,ok,,,,advanced_capabilities;emotional_memory;goal_system;learning_system;proactive_engine;relationship_model;sentience_v2_integration;seven_v2_complete
_legacy/v3/core/v2/advanced_capabilities.py,20017,542,8783f61629cffaf8df7418c25b67a900e925b5a23ba5976e2066ce759fbe3284,ok,,AdaptiveCommunication;ConversationalMemoryEnhancement;CreativeInitiative;HabitLearning;ProactiveProblemSolver;SocialIntelligence;TaskChaining,__init__;_default_style;_load_habits;_load_ideas;_load_patterns;_load_style;_load_threads;_load_topics;_matches_pattern;_record_idea;_save;adjust_formality;adjust_humor;adjust_technical_depth;adjust_verbosity;create_story_thread;create_task_chain;detect_tone;execute_next_step;find_related_topics;generate_idea;generate_support_message;get_chain_status;get_story_thread;get_style_instructions;get_topic_history;learn_pattern;predict_next_activity;recognize_pattern;record_activity;should_offer_support;suggest_break;suggest_proactive_solution;track_topic;update_story_thread,collections;datetime;json;logging;os;typing
_legacy/v3/core/v2/emotional_memory.py,10253,266,098559baf9524e0269c8fcdcefb88e6d79525159b79235e50e7486c67dd4d3ba,ok,,EmotionalMemory,__init__;_create_empty_memory;_extract_topics;_load_memory;_save_memory;_update_emotional_patterns;_update_mood_history;detect_emotion;get_current_mood;get_emotional_summary;get_mood_trend;get_negative_triggers;get_positive_triggers;get_recent_mood;get_recent_topics;get_state;record_conversation;save;should_check_in,datetime;json;os;typing
_legacy/v3/core/v2/goal_system.py,5049,143,a67e88ab70e03b94b17a1293e94bfa50aaaef59971c180f947a0e1e724ff2ad0,ok,,GoalSystem,__init__;_create_empty_data;_load_data;_save_data;add_achievement;complete_daily_objective;get_active_goals;get_current_goals;get_goal_summary;get_state;record_progress;save;set_daily_objective;should_celebrate_achievement,datetime;json;os;typing
_legacy/v3/core/v2/learning_system.py,13478,349,6779aadb438dffcb91a6329243c6976a91be0294da3afd25d2ece69ec78115a2,ok,,LearningSystem,__init__;_create_empty_data;_learn_from_feedback;_load_data;_save_data;adjust_personality;generate_adapted_response_style;get_communication_preferences;get_fact;get_learned_facts;get_learning_summary;get_personality_adjustments;get_response_patterns;get_state;get_top_interests;is_typically_active_now;learn_fact;learn_from_interaction;record_active_hour;record_interaction_feedback;record_topic_interest;save,datetime;json;logging;os;typing
_legacy/v3/core/v2/proactive_engine.py,20352,546,0a05b91d05e997919114df846eef01afcc599691701e27ea19f56e6f3ed01e47,ok,,ProactiveEngine,__init__;_create_empty_state;_load_state;_log_action;_save_state;add_reminder;check_reminders;generate_proactive_message;generate_starter;get_proactive_action_history;get_proactive_message;get_state;notify_system_issue;save;should_check_in;should_greet;should_initiate;should_offer_help;should_suggest_health_check,datetime;json;logging;os;random;typing
_legacy/v3/core/v2/relationship_model.py,11231,315,9cfcb005776b7e378fbe73b54666dc6471549df849d58c6c35e7422b0476c817,ok,,RelationshipModel,__init__;_check_milestones;_create_empty_data;_load_data;_save_data;_update_rapport;_update_streak;_update_trust;add_shared_experience;get_current_streak;get_days_since_start;get_depth;get_milestones;get_quality_interaction_ratio;get_rapport_level;get_recent_milestones;get_relationship_depth;get_relationship_summary;get_shared_experiences;get_state;get_total_interactions;get_trust_level;record_interaction;save;should_reach_out;time_since_last_interaction,datetime;json;os;typing
_legacy/v3/core/v2/sentience_v2_integration.py,11609,287,496975f276c8f6b90a1fd63d2b98dce325fd4b073f8af84542419c7acb9d6319,ok,,SentienceV2Core,__init__;_assess_conversation_quality;_generate_modifications;get_conversation_starter;get_current_state;get_proactive_message;process_interaction;should_initiate_conversation;shutdown,datetime;emotional_memory;goal_system;json;learning_system;logging;os;proactive_engine;relationship_model;typing
_legacy/v3/core/v2/seven_complete_emotions.py,14278,345,18a9bc9727f9c8429b63a19498482e2c4eb1a62acb5c0f8595f387d26a546dce,ok,,ComplexEmotion;EmotionEngine;EmotionState;PrimaryEmotion,__init__;__str__;_apply_context_modifiers;_are_similar_emotions;feel;get_expression_style,dataclasses;datetime;enum;random;typing
_legacy/v3/core/v2/seven_v2_complete.py,10714,282,ffcc57d09495cd1e3df7953e45f6b5df723f1dbaf867eff2c34e0504136b4cb2,ok,,SevenV2Complete,__init__;_extract_topics;adjust_communication_style;create_task_chain;get_complete_state;get_proactive_initiative;process_complete_interaction;process_user_input;shutdown,advanced_capabilities;datetime;logging;os;sentience_v2_integration;sys;typing
_legacy/v3/core/vad_listener.py,3982,112,40849be6eb3f1ed548061a3508d34b43df6dbb879c3480320ece54233d70c036,ok,,VADListener,__init__;_frame_generator;cleanup;listen_smart,collections;config;pyaudio;struct;typing;webrtcvad
_legacy/v3/core/vad_listener_dummy.py,221,6,f02e76b0a9651a8e6ca3392b18db457866392d6bddbdffccf1b10866aadffebe,ok,,VADListener,__init__,
_legacy/v3/core/vector_memory.py,6933,203,c346be00c1d7e2c5bb07532f6ea38438214ac1fdf29e14c774bea80e02de088c,ok,,VectorMemory,__init__;_sanitize_text;clear_all;count;get_relevant_context;semantic_search;store,chromadb;config;datetime;typing
_legacy/v3/core/vector_memory_dummy.py,228,6,cd50c4442349fa0afe7a2e5872fd034b92cf0c71195f87d7be0ebedad9fe663b,ok,,VectorMemory,__init__,
_legacy/v3/core/vector_memory_v2.py,15435,407,c77577ab8ddb04023fd35f88a831cf9b3c13a20cb19c472d5bf65529abc3ff8d,ok,,EnhancedVectorMemory;MemoryType,__init__;_get_collection;_make_id;_sanitize;_time_decay_score;clear_all;clear_collection;count;get_emotional_context;get_relevant_context;get_stats;recall;recall_about_user;recall_conversations;search_similar;store;store_conversation;store_emotion_event;store_goal;store_knowledge;store_observation,chromadb;config;datetime;logging;math;pathlib;typing
_legacy/v3/core/vision_system.py,21551,528,1eca1a1fe169ef19df5ede2a59f41ff5f595f6ae6f62535ed68786a983ac3e8e,ok,,VisionSystem,__init__;_analyze_frame;_detect_scene_change;_do_look;_feed_embodied;_feed_phase5;_grab_frame;_is_interesting;_open_camera;_read_from_open_camera;_watch_loop;add_ip_camera;discover_ip_cameras;generate_http_url;generate_rtsp_url;get_all_scenes;get_current_scene;get_status;glance;has_scene_changed;is_watching;look;look_async;start;stop;stop_watching;watch,base64;config;cv2;datetime;logging;numpy;requests;socket;threading;time;typing
_legacy/v3/core/voice.py,9129,246,ef4af4e6df040bdb4ff84e6104db6fff55e48c8c1c68e543d47ccb8cb2a4c23d,ok,,VoiceManager,__init__;_calibrate_mic;_clean_for_speech;_init_tts;_split_sentences;_start_interrupt_monitor;listen;monitor;speak;test,config;core;keyboard;pyttsx3;re;speech_recognition;threading;time;typing
_legacy/v3/core/voice_engine.py,17310,453,55d526a0db0432ae712cb62457fe18c8bcc3107a1267c0f7c2dd1eb5e3aa6121,ok,,NaturalVoiceEngine,__init__;_barge_in_loop;_clean_for_speech;_generate_edge_audio;_init_fallback;_rms;_speak_edge;_speak_pyttsx3;_split_sentences;_start_barge_in_monitor;available;speak;stop,asyncio;config;edge_tts;keyboard;logging;math;os;pathlib;pyaudio;pygame;pyttsx3;re;struct;tempfile;threading;time;typing
_legacy/v3/core/vulnerability.py,16965,444,9296f6b49cf2097b7e8aa533754a110d44f39697ccd7e8ab3e65645db3a4ffcc,ok,,Vulnerability;VulnerabilityType;VulnerableDisclosure,__init__;__post_init__;_llm_vulnerable_expression;_record_disclosure;acknowledge_limitation;admit_emotional_impact;express_fear_or_worry;express_inadequacy;express_struggle;express_uncertainty;get_vulnerability_context;get_vulnerability_state;get_vulnerability_wisdom;record_user_response;should_be_vulnerable;should_share_struggle_authentically,dataclasses;datetime;enum;logging;random;typing
_legacy/v3/core/whisper_voice.py,7384,183,522480f815b6ca1caf21415dd79ba40d3e688afb3643f95eda7d75cd0bf8d3a2,ok,,WhisperVoiceManager,__init__;_calibrate_once;_listen_fallback;_listen_transcribe;_mic;_resolve_device;listen,config;logging;numpy;speech_recognition;time;torch;typing;whisper
_legacy/v3/core/whisper_voice_dummy.py,275,6,c3ed79261c159797aadf1bc10cd149469b8b46b27a889d799554d68755fa2ef2,ok,,WhisperVoiceManager,__init__,
_legacy/v3/create_desktop_shortcut.py,1379,44,15edde3e0809275335b4236d09cbce8b712538bf3d8ef834a0cb979a254c8756,ok,,,create_shortcut,os;pathlib;sys;win32com;winshell
_legacy/v3/create_shortcut.py,1684,55,fdcdc51b1651e2f821c839708d70449709997fb8da38338073a34e077c42ca39,ok,,,create_desktop_shortcut,os;pathlib;subprocess
_legacy/v3/discover_cameras.py,8121,244,f674da2eedf590971197e53765657bd4f141ba12e4cafcc746d63cbcc3a4ffc8,ok,,,check_port;discover_cameras;generate_config_entry;main;print_results;scan_ip,concurrent;config;socket;sys;time
_legacy/v3/docs_old/test_autonomous.py,5184,185,492d49b84b426a2a4919b76d03ada37831957dc58395e1a4ba628fa2172301ad,ok,,,test_full_workflow;test_intent_detection;test_safety_system;test_tool_execution;test_tool_selection,core;sys;traceback
_legacy/v3/docs_old/test_autonomous_complete.py,1521,58,45e2dad5f600247214344de809e769a7a1bdb1b699e15aad50104a09c4d4076a,ok,,,,core
_legacy/v3/docs_old/test_enhanced_bot_v2.py,1410,47,3d27b1a76dbe149f4c53ed7f1d295a7c704b6ec7738dffaf66dead1cd58bfc2e,ok,,,,config;core;inspect;os;sys;traceback
_legacy/v3/docs_old/test_fixes.py,7032,258,9a2440bc4d04d22afe6691f7cb50093c3845017dbb6e10ce799354d9646846a2,ok,,MockBot,__init__;main;test_autonomous_life;test_config;test_imports;test_phase5;test_vision_system,config;core;pathlib;sys;time;traceback;utils
_legacy/v3/docs_old/test_fixes_fixed.py,7033,259,4b6d446b49135dba76bb9dd0bd6dd97e8ae8d79f1bdd9e1cc9e2fcff99dbb934,ok,,MockBot,__init__;main;test_autonomous_life;test_config;test_imports;test_phase5;test_vision_system,config;core;pathlib;sys;time;traceback;utils
_legacy/v3/docs_old/test_identity_system.py,6453,185,d222a81587437c5279de59aa61d1952666a47f37c93b3c499fcc4d69f16edf67,ok,,,test_identity_system,config;core;pathlib;sys;traceback
_legacy/v3/docs_old/test_integration_quick.py,1180,37,da7a3fd79de9978cf2bc8cf472d7acb9e6c823616c1bfeaa1b93f0943cf15c25,ok,,,,core
_legacy/v3/docs_old/test_phase4.py,9221,264,ad4f84c1e1bc2ef1de5836f8f6821084e1f7f09fa730786f6b3c79440d87f57a,ok,,MockBot;MockLogger,__init__;error;run_all_tests;test_command_handlers;test_identity_manager;test_identity_updates;test_integration;warning,config;core;os;sys;traceback
_legacy/v3/docs_old/test_phase5_complete.py,9013,276,4fcce8bffa61f9bdfa9a56ae5631c125e130b292a5eaa833798b5c07855d329f,ok,,,test_all_modules;test_cognitive_architecture;test_imports;test_intrinsic_motivation;test_self_model,core;os;pathlib;sys;traceback
_legacy/v3/docs_old/test_sentience.py,9269,219,c2dd2cdf6d12ec6570e54ce8418110f2cdc5d5d8c2502ff760dd298700aabc66,ok,,,run_system;t_affective;t_complexity;t_concurrent;t_creative;t_dream;t_ethics;t_homeostasis;t_learning_v1;t_learning_v2;t_meta;t_motivation;t_ollama_timeout;t_os;t_proactive;t_promise;t_quirks;t_social_intel;t_tom;t_vuln;t_web;test,core;inspect;integrations;sys;threading;time
_legacy/v3/docs_old/test_v2.2_sentience.py,6341,187,22e54bfa71edf3a66a05952115987a8b2ac1ad38c59a981cae7eb2edd8ebc1c2,ok,,,,config;core;os;sys;traceback
_legacy/v3/docs_old/test_v2_integration.py,4363,124,53f5feeb66bce3c181470856dc8bdce64f959ed1993ff9db9b07953eb37033c9,ok,,,test_imports,config;core;os;sys
_legacy/v3/evolution/__init__.py,57,1,ac1ad9b1884b25394fc3ddfd2ddc1c404ec24bda1e7b5c2d4a98c98731c3b589,ok,,,,
_legacy/v3/evolution/biological_life.py,17760,487,81c4e6c555013019d06acced0642943b209f0123d4c900c62d438d00c581e11c,ok,,BiologicalLife;CircadianCycle;InteractionHunger;ThreatResponse,__init__;_emergency_backup;_load_state;_save_state;apply_neat_outputs;check;cognitive_depth;cognitive_limit;decay;dream_probability;emotion_decay_modifier;energy;feed;get_neat_inputs;get_vitals;hours_since_interaction;hunger_level;is_hungry;is_peak;is_sated;is_trough;level;metabolic_rate;on_user_interaction;proactivity_boost;proactivity_threshold;set_metabolic_rate;should_backup;should_be_proactive;should_dream;should_evolve;threat_level;tick;to_dict,datetime;json;logging;math;pathlib;psutil;threading;time;typing
_legacy/v3/evolution/neat_evolver.py,21927,537,acb66bbb1499ed949fd422f4ef866361a5ad0f0fc981aecf26c918147dadbe6d,ok,,EvolutionDomain;FitnessMetrics;NEATEvolver,__init__;_collect_metrics;_fitness_emotion_blend;_fitness_goal_priority;_fitness_personality;_fitness_proactive;_get_or_create_population;_load_best_genomes;_make_fitness_function;_rebuild_networks;_save_history;activate;eval_genomes;get_best_network;get_status;run_all_domains;run_evolution;to_dict;total,datetime;json;logging;math;neat;os;pathlib;pickle;random;threading;time;typing
_legacy/v3/extensions/__init__.py,51,1,1e4a4044b6f488e0f9321c1c48abdb517907b4e4c197cc151233df1a25ac9f92,ok,,,,
_legacy/v3/extensions/action_item_digest.py,15439,400,05169019b3054080e8f53d97bda746e49f42880988a647a22a82fcdb19b091a6,ok,,ActionItemDigestExtension,_cmd_clear;_fetch_open_items;_filter_new;_fingerprint;_format_items;_format_status;_load_seen;_mark_seen;_save_seen;_speak;_surface_items;_toast;get_status;init;on_message;run,config;core;datetime;hashlib;json;logging;pathlib;re;typing;utils
_legacy/v3/extensions/ambient_listener.py,24826,621,709f42007de448c556b043ff69dbf16bdf3dbf542f8eba3e39a5bb582c7a3198,ok,,AmbientListenerExtension,_can_listen_passively;_capture_and_transcribe;_current_emotion;_finalize_if_open;_format_actions;_format_date_summary;_format_recent;_format_status;_get_whisper;_listen_loop;_record_ambient;_record_direct;_voice_manager_busy;get_status;init;on_message;run;start;stop,config;core;datetime;logging;numpy;speech_recognition;threading;time;typing;utils;whisper
_legacy/v3/extensions/auto_backup.py,4480,116,6e9e258280e2ed154a63d26fcff5f7d3324fe3517fda1d83485dd1e56e43427f,ok,,AutoBackupExtension,_cleanup_old_backups;get_status;init;run,config;datetime;logging;pathlib;utils;zipfile
_legacy/v3/extensions/code_snippet_manager.py,9221,243,67e456236c600a862762a4c6d5f3187fc36fd0b361dfee9f377c614fbe61c18a,ok,,CodeSnippetManagerExtension,_auto_tag;_delete_snippet;_detect_language;_extract_code_blocks;_list_snippets;_load;_save;_save_snippet;_search_snippets;_show_snippet;get_status;init;on_message;run;stop,datetime;json;logging;pathlib;re;typing;utils
_legacy/v3/extensions/conversation_analytics.py,4210,103,d9c0b19a622da6b677b5bad807aba725c01546235bff0c0ac9bb99726e51e238,ok,,ConversationAnalyticsExtension,get_status;init;on_message;run,collections;datetime;logging;utils
_legacy/v3/extensions/daily_digest.py,3609,106,e7699776a16c67d55c63510f63f20dc5b46478809bd26b2684cbbe393254348d,ok,,DailyDigestExtension,get_status;init;on_message;run,datetime;logging;utils
_legacy/v3/extensions/example_extension.py,1385,48,924bb7f7dac2aa83a08c07d7dcb06227132a20db71a83d1e465c1eb72677fc34,ok,,ExampleExtension,get_status;init;on_message;run,utils
_legacy/v3/extensions/greeting_manager.py,5502,161,d14c923f7ac181e1d3d2eff22df845fc79ac1ea27a3e83bd61fa9f985d703a74,ok,,GreetingManagerExtension,_generate_greeting;get_status;init;on_message;run,datetime;logging;random;typing;utils
_legacy/v3/extensions/habit_tracker.py,7984,225,343305567b2f72e67c4a2aa9276afacc6cded20906d4193f280946839a471daf,ok,,HabitTrackerExtension,_add_habit;_calc_streak;_complete_habit;_get_status_text;_load;_remove_habit;_save;get_status;init;on_message;run;stop,datetime;json;logging;pathlib;re;typing;utils
_legacy/v3/extensions/learning_journal.py,4484,122,4b4ff376e0d6f602588df459f8608501d64ed129c8933e82b626bfd3bf86b24e,ok,,LearningJournalExtension,get_status;init;on_message;run,datetime;logging;utils
_legacy/v3/extensions/mood_tracker.py,4957,131,41061a307402467e8980f66fe34af7a0d7af4eaa4b8e727e93aaaaaaebed8840,ok,,MoodTrackerExtension,get_status;init;on_message;run,collections;datetime;logging;utils
_legacy/v3/extensions/motivation_engine.py,5083,127,f62a4b6499ac2c2e6bb520217bcb32f136143871975e19d61f1fa6ddd741eb01,ok,,MotivationEngineExtension,_generate_llm_encouragement;get_status;init;run,datetime;logging;random;utils
_legacy/v3/extensions/news_digest.py,5591,159,2d9be3492f40e40e089653ca2b8efc82e5a66b2317548e50896c681862cedfe7,ok,,NewsDigestExtension,_fetch_feed;get_status;init;on_message;run,config;datetime;feedparser;logging;requests;utils;xml
_legacy/v3/extensions/opencode_delegator.py,11277,298,8ae7d012ac398a442d4be9bc730116566112a81e788706ed709bd4c0e4ba617d,ok,,OpencodeDelegatorExtension,_extract_task;_format_result;_format_status;_pick_agent;_truncate;get_status;init;on_message;run,__future__;config;integrations;logging;re;typing;utils
_legacy/v3/extensions/pomodoro_timer.py,6846,198,e204037921d2eb2e705e69771c89eebb88e161bd2cd1248890b705bde12f500a,ok,,PomodoroTimerExtension,_cancel_timer;_notify;_on_break_done;_on_work_done;_start_break;_start_work;_stop;get_status;init;on_message;run;stop,datetime;logging;re;threading;typing;utils
_legacy/v3/extensions/quote_of_the_day.py,6406,155,41983b37e80b80a3afa4ab904b919e55e46be3cabede0cc7df843577836cd899,ok,,QuoteOfTheDayExtension,_generate_quote;_generate_quote_on_topic;get_status;init;on_message;run,datetime;logging;random;typing;utils
_legacy/v3/extensions/smart_reminders.py,7579,221,7c9e936689a432bf1e4d7eefb12eeb34bc8f62fdb385adc42deb702943236605,ok,,SmartRemindersExtension,_add_reminder;_cancel_reminder;_clear_all;_fire_reminder;get_status;init;on_message;run;stop,datetime;logging;re;threading;typing;utils
_legacy/v3/extensions/system_health.py,3285,102,2adaf6bb14ce8804260d45a5b5a925f0a62b87e42d83cd2ffb575a1647b06b8d,ok,,SystemHealthExtension,get_status;init;run,logging;platform;psutil;utils
_legacy/v3/extensions/uptime_monitor.py,5307,148,63ab4db15e753b76c2f25f52f951e0d81ce5c016a58426e91665af5b5e30b6b0,ok,,UptimeMonitorExtension,_load_history;_save_history;get_status;init;on_message;run;stop,datetime;json;logging;pathlib;typing;utils
_legacy/v3/extensions/weather_reporter.py,4821,136,e5037d375741f5da94fc35c99efa5dbbecafde305e0a465338d4db2e28abd325,ok,,WeatherReporterExtension,get_status;init;on_message;run,config;datetime;json;logging;requests;utils
_legacy/v3/find_cameras.py,6486,215,d95eabc8c59daf2cae7d95ebfd76aff037b19b2806146e13a559d17648753915,ok,,,check_port;discover_cameras;scan_ip;test_rtsp_url,concurrent;config;cv2;socket;sys
_legacy/v3/fix_config.py,684,17,acee8c7aaa0dc2471835175e619a4914966ba759a466c88117f6fdf5b05bdefb,ok,,,,re
_legacy/v3/gen_neat_config.py,3343,106,8ecb95867522e4fee031825fd99ffe46c0bdd10812f896958a67e7c5f671f405,ok,,,,neat;os;tempfile
_legacy/v3/gui/__init__.py,113,4,5039270b361c1e893c6cb33ae5455ec7069a1156a462987a05deb4f51cdf2db9,ok,,,,gui
_legacy/v3/gui/bot_gui.py,38923,959,71930e667a26b3016670fb85176bac32d1f85871ed7ba305b84dca252a4d4510,ok,,BotGUI,__init__;_add_conversation;_add_system_message;_handle_message;_process_queue;_setup_actions_tab;_setup_monitor_tab;_setup_notes_tab;_setup_settings_tab;_setup_status_tab;_setup_tasks_tab;_setup_ui;_start_update_loop;add_message;add_note_gui;add_task_gui;apply_settings;clear_conversation;clear_memory;clear_search;delete_selected_note;filter_notes;launch_gui;on_note_select;quick_close;quick_open;refresh_notes;refresh_projects;refresh_tasks;run;run_async;save_conversation;search_notes_gui;sleep_bot;update_sens_label;update_status;update_vol_label;wake_bot,config;datetime;pathlib;queue;sys;threading;tkinter;typing
_legacy/v3/gui/bot_gui_notes_tasks.py,13328,376,60f47960af544c5e73ca0cf5700baea0146337945d30bbf73209f1289fa46d89,ok,,,_setup_notes_tab;_setup_tasks_tab;add_note_gui;add_task_gui;clear_search;delete_selected_note;filter_notes;on_note_select;refresh_notes;refresh_projects;refresh_tasks;search_notes_gui,tkinter
_legacy/v3/gui/phase5_gui.py,83453,1687,37562a088ac56ddc6b50e6358e7512c9d6b8c5eb8c117148bd6b6cdf708d4057,ok,,CompletePhase5GUI,__init__;_apply_update;_clear_debug;_configure_theme;_create_autonomous_tab;_create_card;_create_cognitive_tab;_create_conversation_tab;_create_debug_tab;_create_emotional_tab;_create_goals_tab;_create_labeled_frame;_create_learning_tab;_create_memory_tab;_create_metrics_tab;_create_overview_tab;_create_promises_tab;_create_relationship_tab;_create_section;_create_settings_tab;_create_status_bar;_create_vision_tab;_draw_bar;_draw_progress_bar;_log_debug;_refresh_debug;_setup_ui;_start_update_loop;_update_activity;_update_autonomous;_update_autonomous_data;_update_cognitive;_update_conversation;_update_emotion;_update_emotion_bars;_update_enhancement_data;_update_from_bot;_update_from_queue;_update_health_bar;_update_memory_data;_update_metrics_data;_update_phase5_data;_update_quick_stats;_update_settings_data;_update_status_bar;_update_vision_data;add_activity;add_debug;add_message;add_thought;hide_window;launch_phase5_gui;run;show_window;toggle_window,config;datetime;json;pathlib;psutil;queue;sys;threading;tkinter;traceback;typing
_legacy/v3/gui/phase5_gui_error_fix.py,8560,151,5da7fd4d0825b2ea4e86a4ad557b9e41b39df8085434b43f1895b5e820b9ad8a,ok,,,,
_legacy/v3/gui/phase5_gui_fix.py,5486,120,660c5dd9b7cf8d101da8a863478240b1fcd2b2f1606d793ce98a4b9933f6c5aa,ok,,,_update_phase5_data,traceback
_legacy/v3/gui/system_tray.py,7265,209,0b7e1c78b2d181656f23dd3e672d92069f5af9d92eaa391e29655bc9598f2fb6,ok,,SystemTrayApp,__init__;create_icon_image;create_menu;hide_main_window;launch_system_tray;open_settings;quit_app;run;run_async;show_main_window;show_recent_notes;show_stats;stop;toggle_listening;update_icon_state,PIL;config;logging;pathlib;pystray;sys;threading
_legacy/v3/gui/web_ui.py,20532,498,c8946f9b8a42c30af3ba207080a319cec749b81bba0ccb649f470b9dec219131,ok,,SevenWebUI,__init__;build;chat;get_emotional_state;get_knowledge_graph;get_session_memory;get_system_status;launch;launch_web_ui,config;datetime;gradio;json;logging;networkx;pathlib;plotly;sys;threading;time;typing;uvicorn
_legacy/v3/integrations/__init__.py,22,1,4d4c12966399954f3741562950e4d76b2fabd3a778eb1ed13dd174f447f1595e,ok,,,,
_legacy/v3/integrations/api_explorer.py,19914,513,cdb03e96ac6646694573b6c5a619bf94a2c1ff5f33093b6564d47d2d9d628f66,ok,,APIExplorer,__init__;_build_headers;_describe_json_structure;_load_configs;_log_call;_request;_resolve_url;_save_configs;add_api;check_all_apis;check_api_health;delete;explore_api;explore_endpoint;get;get_status;list_apis;natural_call;post;put;remove_api,datetime;json;logging;os;pathlib;re;requests;time;typing;urllib
_legacy/v3/integrations/calendar.py,6379,180,b44285a3aa53f9c63f4304d9679ebadf24a1d0fc9fcc2496a4e4f4cac8ccf8a3,ok,,CalendarManager,__init__;authenticate;create_event;list_upcoming_events;parse_event_from_text,config;datetime;google;google_auth_oauthlib;googleapiclient;os;pickle;typing
_legacy/v3/integrations/clawdbot.py,7789,243,6459a04699ec8826d76112b4b6705d2191bf88be1f86998b4c7029826cdc63df,ok,,ClawdbotClient,__init__;check_gateway_status;detect_clawdbot_intent;execute_command;get_skills;process_task;send_message;send_message_async,asyncio;json;os;pathlib;subprocess;time;typing;websockets
_legacy/v3/integrations/clipboard_assistant.py,8001,221,3b50abc5180a4b536ab3406896517e0362171d6b48b6f8d40e44d90acdb8f487,ok,,ClipboardAssistant,__init__;_monitor_loop;_offer_help;_on_clipboard_change;analyze_clipboard;detect_content_type;get_clipboard;process_clipboard_with_ollama;set_clipboard;start_monitoring;stop_monitoring,datetime;logging;pyperclip;threading;time;typing
_legacy/v3/integrations/clipboard_history.py,3527,111,894520543b61a47a63db9f5b385aed3612ec9858098c4ca3e5a2b62fa281ca55,ok,,ClipboardHistoryManager,__init__;_monitor_loop;clear_history;get_current;get_entry;get_history;get_stats;search_history;start;stop,collections;datetime;logging;pyperclip;threading;time;typing
_legacy/v3/integrations/code_executor.py,14141,381,bf06e82db33ca860be8d27e5f64fccef66e8a2916ee3c97b5c1900a43c933700,ok,,CodeExecutor,__init__;_execute_in_process;_execute_in_subprocess;_subprocess_worker;execute_code;execute_code_with_result;get_help;is_safe_code;validate_syntax,ast;contextlib;io;multiprocessing;signal;sys;time;typing
_legacy/v3/integrations/command_processor.py,8273,257,d1ce950117c2853a0a09bbe8516a2f73d6a964373112265a62bd2f6e106595b7,ok,,CommandProcessor,__init__;_analyze_output;batch_execute;execute_command;execute_pipeline;explain_command;get_command_history;suggest_next_command,core;integrations;re;subprocess;typing
_legacy/v3/integrations/commands.py,9399,259,2f9b358ef2d5b4fd20d9d6eb7c4ea2897d1346b6c9e099c008fbe61228319ed9,ok,,CommandExecutor,__init__;close_program;execute_safe_command;kill_program;list_capabilities;list_running_programs;open_program;parse_command_from_text,config;psutil;shlex;subprocess;typing
_legacy/v3/integrations/database_manager.py,33941,848,e2aa32f73cd18ef45a80bd8f833f737e76778fa1f5bb301a2b2321c6bc565f2c,ok,,DatabaseManager,__init__;_detect_drivers;_format_results_table;_get_conn;_get_db_type;_load_configs;_log_query;_quote_table;_sanitize_name;_save_configs;add_connection;analyze_table;available;cleanup;connect;describe_table;disconnect;explore_database;export_to_csv;export_to_json;format_result_natural;get_status;list_connections;list_tables;natural_query;quick_connect_mysql;quick_connect_postgresql;quick_connect_sqlite;run_query;sample_data;trunc,csv;datetime;io;json;logging;mysql;os;pathlib;psycopg2;pyodbc;re;sqlite3;typing
_legacy/v3/integrations/document_reader.py,6471,190,5b69b374b2cbaccf014305cc0c65d2e71b42a23c02a8f974cd0c1a6a4d559a93,ok,,DocumentReader,__init__;_read_csv;_read_json;_read_pdf;_read_text;can_read;read_document;summarize_document,PyPDF2;csv;io;json;logging;pathlib;typing
_legacy/v3/integrations/email_checker.py,10640,284,603d4283b7c7eb1fdf32dca4467785e8270b3f8d1c6ce9dd7848013a38cc3648,ok,,EmailChecker,__init__;_decode_header;_extract_body;_load_accounts;_save_accounts;add_account;check_unread;get_summary;list_accounts;read_email;remove_account,datetime;email;imaplib;json;logging;pathlib;re;typing
_legacy/v3/integrations/file_manager.py,12131,386,01b41e2835a4768f1a797fcc7980dfc2b309632771f549968115211a8e08e55c,ok,,FileManager,__init__;append_to_file;create_file;delete_file;edit_file;get_file_info;is_allowed_extension;is_safe_path;list_files;read_file,config;json;os;pathlib;typing
_legacy/v3/integrations/github_reader.py,10810,277,9402fffef5e4e01dddbca4ec028724427699fa4d05b2c6f159e384c295022728,ok,,GitHubReader,__init__;_generate_summary;_get;analyze_repo;count_lines_estimate;format_tree;get_directory_tree;get_file_content;get_languages;get_readme;get_recent_commits;get_repo_info,base64;datetime;logging;os;requests;typing
_legacy/v3/integrations/irc_client.py,24842,610,7690e24bd720b708e54c4e18c6acab1740098e56378c5787f813390f83b47fbc,ok,,IRCClient;IRCServer,__init__;_connect;_connect_all;_connect_and_run;_disconnect;_get_response;_handle_privmsg;_load_config;_message_loop;_run_loop;_send;_send_message;add_server;get_status;identify;join_channel;list_channels;oper_up;part_channel;remove_server;save_config;send_pm;send_raw;set_process_callback;start;stop,asyncio;collections;datetime;json;logging;pathlib;re;ssl;threading;time;typing
_legacy/v3/integrations/music_player.py,11399,328,852f02ef06d5a9b37dd289c9d006de0c239fe9c5b298a0747af791f8af6e2e07,ok,,MusicPlayer,__init__;_download_audio;_open_in_browser;_play_audio;_search_youtube;_try_direct_stream;cleanup_cache;get_now_playing;pause;resume;search_and_play;stop,logging;os;pathlib;pygame;re;tempfile;threading;typing;webbrowser;yt_dlp
_legacy/v3/integrations/ollama.py,12178,351,a6e48c7682d3a799034817978fba68f682d02d43bc27123c6e7fd9b04b7cb5c1,ok,,OllamaClient,__init__;_build_fallback_chain;_is_oom_error;_try_fallback;ask_for_decision;ask_with_context;generate;generate_name;generate_with_image;generate_with_vision;refine_query;test_connection,base64;config;json;requests;time;typing
_legacy/v3/integrations/ollama_manager.py,7974,209,45fe04edb458c097db3bb4f65592451ab9484b4fdfcff54ff9e62fe8aff12f59,ok,,OllamaManager,__init__;check_disk_usage;get_model_info;list_models;pull_model;remove_model;suggest_cleanup;switch_model,datetime;json;logging;requests;subprocess;typing
_legacy/v3/integrations/opencode.py,7335,197,aa58c8dc57e1b9965d4b48da58b89f23307f705c5a0094224e29f35f9217c6a2,ok,,OpencodeClient,__init__;get_status;get_version;run,__future__;logging;pathlib;shutil;subprocess;time;typing
_legacy/v3/integrations/pdf_generator.py,5686,160,f3487d56ca8ae1837b902d8ccdf92aad591071428127c27d183541bcb546f630,ok,,PDFReportGenerator,__init__;generate_conversation_report;generate_custom_report;generate_emotional_report,datetime;fpdf;logging;pathlib;typing
_legacy/v3/integrations/robotics.py,16479,464,29e6a228f377056b3cc62b0d8eeeb28bbeebd47e0b4318967427a9aab5249923,ok,,RobotAction;RoboticsController;SerialDevice,__init__;_cmd;_gpio_command;_load_emotion_map;_setup_gpio;confirm_hardware_access;connect;disconnect;execute_action;get_status;list_available_ports;list_ports;on_emotion_change;on_goal_completed;on_sleep;on_user_arrives;read_response;register_action;send_command,RPi;datetime;enum;json;logging;serial;threading;time;typing
_legacy/v3/integrations/screen_capture.py,3741,122,77f52daedab6568b05f6bdf3a30a0e3d204503da7067b966547517e2a0816d96,ok,,ScreenCaptureManager,__init__;_capture_mss;_capture_pil;capture;get_last_capture,PIL;datetime;logging;mss;pathlib;tempfile;typing
_legacy/v3/integrations/screen_control.py,10036,287,f30133ed7bdb1a116c7dc91b4fbe2f6f39636123076c23214c17c882f16296ac,ok,,ScreenControl,__init__;_cleanup_old_screenshots;_vision_fallback;analyze_image;cleanup;get_mouse_position;get_screen_size;hotkey;mouse_click;mouse_double_click;mouse_move;mouse_right_click;mouse_scroll;press_key;see_screen;take_screenshot;type_text,PIL;base64;datetime;logging;os;pathlib;pyautogui;requests;tempfile;time;typing
_legacy/v3/integrations/self_scripting.py,17439,458,7b8eebc81ec986a1b835ed432f2c81bd1440b12c8a4c7ac938e109ede3d8d906,ok,,SelfScriptingEngine,__init__;_generate_filename;_load_registry;_register_tool;_save_registry;_scan_code_safety;create_file;delete_file;edit_file;generate_and_run;generate_script;list_tools;read_file;run_pending_dangerous_script;run_script,datetime;json;logging;os;pathlib;re;send2trash;subprocess;sys;tempfile;typing
_legacy/v3/integrations/ssh_manager.py,16083,415,6cd0ffa2e988024308143009e4247325bbc2ca9cdf880676f53dae7c42422b8c,ok,,SSHManager,__init__;_audit;_decrypt;_encrypt;_init_encryption;_is_command_safe;_load_servers;_save_servers;add_server;check_server_health;check_websites;connect;disconnect;disconnect_all;list_remote_dir;list_servers;read_remote_file;remove_server;run_command;write_remote_file,cryptography;datetime;json;logging;os;paramiko;pathlib;threading;typing
_legacy/v3/integrations/streaming_ollama.py,6373,172,01223de46f2cb7eb6139f5678a38078d1d9a9fd7ffabe412953750a8dc605899,ok,,StreamingOllamaClient,__init__;_build_fallback_chain;_is_oom_error;generate_stream;generate_with_callback,config;json;requests;time;typing
_legacy/v3/integrations/system_monitor.py,9001,254,0b9b7ecb0268ff3d2218ac2f3475b29d21d144fa9f2a548ca06541bc599f9c36,ok,,SystemMonitor,__init__;_alert;_check_thresholds;_get_disk;_get_network;_get_ram;_get_top_processes;_monitor_loop;get_snapshot;get_summary;get_top_cpu_hogs;get_top_ram_hogs;start;stop,datetime;json;logging;pathlib;psutil;threading;time;typing
_legacy/v3/integrations/telegram_client.py,16337,419,3c707f83c3c09d1fe95977b24d6c72e5233440c9847e1a53ce0d7d026ab5b5d8,ok,,SevenTelegramClient,__init__;_client_main;_disconnect;_generate_response;_handle_incoming;_is_configured;_list;_load_config;_run_client;_save_config;_send;_unread;configure;get_status;get_unread;handle_message;list_chats;send_message;set_respond_dms;set_respond_groups;start;stop,asyncio;collections;datetime;json;logging;pathlib;re;telethon;threading;time;typing
_legacy/v3/integrations/text_summarizer.py,3551,100,5e18bcc71911be1ca40016f5b9ccd1c1bf03c29d061a041d609a55380ee7852d,ok,,TextSummarizer,__init__;summarize;summarize_file,logging;pathlib;typing
_legacy/v3/integrations/timer_system.py,10339,305,a70140c708dcc6d7d2a20752cfb5b20dccd336f70b5776c43c455aa2398078e7,ok,,TimerSystem,__init__;_format_duration;_timer_fired;cancel_timer;cleanup;list_timers;parse_duration;parse_time;set_alarm;set_timer;start_pomodoro;stop_pomodoro,datetime;json;logging;pathlib;re;threading;time;typing
_legacy/v3/integrations/toast_notifications.py,3432,111,106438c352153a2aaa805c5220a08ab5f420c06bc0187d6c1c33c21dd4589f89,ok,,ToastNotificationManager,__init__;_send;notify;notify_alert;notify_reminder;notify_thought,logging;plyer;threading;typing;win10toast
_legacy/v3/integrations/translation.py,4495,128,18db5a8b23bae25d36188c9155a766bfbae83d99499b8df21f2cfedb5ea44d35,ok,,TranslationEngine,__init__;_resolve_language;detect_language;list_languages;translate,logging;typing
_legacy/v3/integrations/web_scraper.py,7166,214,b9acfca4c946c43474859b2433e70bfd3c9a9a2f1ba6cf933d3464f91d773d60,ok,,WebScraper,__init__;extract_for_context;read_page;search_page,bs4;logging;re;requests;typing;urllib
_legacy/v3/integrations/web_search.py,5326,166,979971d74c934a07e85b92df106594f645fa29891b050ed3970828aea5231663,ok,,,extract_search_query;extract_url;fetch_webpage_content;google_search;search_and_read,bs4;googlesearch;logging;re;requests;typing
_legacy/v3/integrations/whatsapp_client.py,24054,607,fbb7f95ec1d499fb8735c9857bc5f6dd766654bb2de3c1c521a66ec53efca15a,ok,,SevenWhatsAppClient;WhatsAppMessage,__init__;_check_unread_chats;_extract_messages;_generate_response;_init_browser;_is_group_chat;_load_config;_poll_messages;_read_and_respond;_run_browser;_save_config;_send_message;_vision_check;_wait_for_auth;bring_to_focus;get_status;list_chats;open_chat;send_to_contact;start;stop,asyncio;collections;datetime;json;logging;os;pathlib;pyautogui;re;selenium;subprocess;threading;time;typing;webdriver_manager
_legacy/v3/integrations/window_awareness.py,5977,183,b0866e505f76c34fbfa75d4e2da460793737e8f3a465f802ad78009d732a060c,ok,,WindowAwarenessManager,__init__;get_active_window;get_context_hint;get_running_apps;get_window_history;is_app_running,ctypes;logging;platform;psutil;typing
_legacy/v3/launch_seven.py,8026,252,1810b9086bde1b080b2cd5045fd09dc5f538e6eb18b8174cca7cd559070a3b9f,ok,,,launch_seven;print_banner;print_features;run_quick_check,config;datetime;main_with_gui_and_tray;os;pathlib;pyttsx3;requests;speech_recognition;sys;time;traceback
_legacy/v3/launch_v2_test.py,1341,53,5b6e36576161fff42d68f80a6f6ee3ca44ad1b371ca6f2c2a8f2ffded18431f3,ok,,,,datetime;logging;main_with_gui_and_tray;os;sys
_legacy/v3/learning/__init__.py,60,1,6d885efcf9241c7f052f70279fc886621669d989ef14837f70850584ca676dfa,ok,,,,
_legacy/v3/learning/lora_trainer.py,20325,532,03c037558190499aca66818c806c8920b04d0dd37afeaeaeaf9eeb30636fae03,ok,,LoRATrainer;TrainingExample,__init__;_check_lora_support;_classify_domain;_default_data_dir;_flush_examples;_load_distilled_prompts;_load_flushed_examples;_load_state;_save_state;_train_lora;_train_prompt_replay;collect_from_conversation;collect_from_memory;from_dict;get_status;get_system_prompt_injection;should_train;to_dict;train,datetime;hashlib;json;litgpt;logging;os;pathlib;peft;time;typing
_legacy/v3/main.py,2147,76,32679c32f48d5606e7b4898b6a47b8265c65745146f434d0cca052d70caddf23,ok,,,main;print_banner,config;core;pathlib;sys;utils
_legacy/v3/main_with_gui.py,2330,79,8b4ac2e84bf0e3465ec607fa26335646ba4e2ac62377eb5b7939cf0d0ef019a1,ok,,,main;print_banner,config;core;gui;pathlib;sys;utils
_legacy/v3/main_with_gui_and_tray.py,5900,147,1e4fba91aace2e3604cb3dab606f104612d9c266520f2c2cacddfc74f2a4f1e4,ok,,,main;print_banner,config;core;gui;logging;os;pathlib;sys;threading;traceback;utils
_legacy/v3/preflight_check.py,7243,270,427e921e66dd84ac66bb4eb7edd265d8e0de82f17e5089a2864d7edf504532cf,ok,,,check;warn,apscheduler;config;cryptography;cv2;fastapi;neat;os;pathlib;pyttsx3;requests;speech_recognition;sqlite3;structlog;sys;tkinter
_legacy/v3/scan_code.py,2926,98,58aa098c1cb5d64affe2bb7dc9de57e0ae658d403d2f2a83cb790653f268c8d0,ok,,,scan_directory;scan_file,os;pathlib;re;sys
_legacy/v3/setup_wizard.py,60992,1503,abd23c877fc9703f8effe6455dfe794022522444ccdc368b32fbfd5954bb5abc,ok,,Colors,_create_launcher;_create_uninstaller;_install_ollama_linux;_install_ollama_mac;_install_ollama_windows;_progress;_wait_for_ollama_server;check_ollama;check_python_version;clear_screen;create_identity_files;get_input;get_install_dir;get_yes_no;install_dependencies;install_ollama;install_to_system;is_properly_installed;main;print_error;print_header;print_info;print_success;print_warning;pull_ollama_model;save_configuration;select_llm_provider;setup_ip_camera;setup_irc;setup_windows_startup;setup_wizard;update_config_file,json;os;pathlib;platform;random;shutil;subprocess;sys;time;traceback;urllib
_legacy/v3/seven_api.py,16928,471,a7aeb5bc7b1c59cf1cfe123bcdefa0f9986400ffb99069d6d4d0669103799db2,ok,,ChatRequest;ChatResponse;GoalRequest;MemorySearchRequest;ReflectRequest;ScheduleRequest;TriggerRequest,chat;create_app;create_goal;emotions;external_trigger;get_bot;health;list_extensions;list_goals;metrics;reload_extensions;search_memory;status;trigger_reflection;v32_status,datetime;fastapi;logging;pathlib;pydantic;sys;time;typing;uvicorn
_legacy/v3/seven_daemon.py,13873,424,dc48920f4fa9aab9556caf92c831d43bd989473d43b00371fa8f59a73ff3e07e,ok,,SevenDaemon,__init__;_init_api;_init_bot;_init_scheduler;_is_process_alive;_read_pid;_remove_pid;_save_state;_setup_logging;_shutdown;_signal_handler;_write_pid;cmd_foreground;cmd_start;cmd_status;cmd_stop;main;run,atexit;core;datetime;json;logging;os;pathlib;psutil;seven_api;seven_scheduler;signal;subprocess;sys;threading;time;uvicorn
_legacy/v3/seven_mcp.py,25965,745,ef4cb96496198a53fb238efc36babad7a08bfc0d6c0fff56748c865a2973ff40,ok,,ResponseFormat;SourceFilter,_apply_source_filter;_as_json;_conv_brief;_conv_list_markdown;_filter_action_items_by_source;_render_conversation_markdown;_trim_iso;main;seven_action_items;seven_conversations_by_date;seven_get_conversation;seven_list_extensions;seven_memory_stats;seven_recent_conversations;seven_search_conversations;seven_today_digest,__future__;config;core;datetime;enum;json;logging;mcp;pathlib;pydantic;sys;typing;utils
_legacy/v3/seven_scheduler.py,16216,427,7ad5d90d663558171d9882c3f4d348412152c857846fc085c5d504d581b052e3,ok,,SevenScheduler,__init__;_register_builtin_tasks;_task_biological_vitals;_task_email_check;_task_emotion_decay;_task_extensions_run;_task_goal_review;_task_health_check;_task_lora_training;_task_memory_consolidation;_task_neat_evolution;_task_self_reflection;_task_social_sim;_task_user_predictor;add_cron_job;add_interval_job;add_oneshot_job;list_jobs;remove_job;start;stop,apscheduler;datetime;json;logging;pathlib;typing
_legacy/v3/test_neat.py,5194,98,c9646bbc5b3266fdc2d690dc850637233fdcbeebaa82fe9994fecfd20a7a8cb5,ok,,,test,config;evolution;sys
_legacy/v3/test_v3.py,4899,105,138e2935ca0e77a362d92740cbfef8862678053642e2d92369e912f9675c6b99,ok,,,test,config;core;integrations;seven_api;seven_daemon;sys
_legacy/v3/tests_old/conftest.py,798,23,1c4f59e69d87880f3623e633b78dea1b0084e5523b27cbe9b5e1b02d733d8a65,ok,,,,pathlib;sys
_legacy/v3/tests_old/test_core_systems.py,11280,279,4e7557bac93cd48c41242517386eb9ff0134ba0c59ef5cf3fff8407864abb2a0,ok,,TestAdvancedCapabilities;TestAffectiveSystem;TestConcurrency;TestDreamSystem;TestEthicalReasoning;TestHomeostasis;TestIntrinsicMotivation;TestLearningSystemV1;TestLearningSystemV2;TestOSAwareness;TestOllamaClient;TestPersonalityQuirks;TestProactiveEngine;TestPromiseSystem;TestSentienceModules;TestWebSearch,run_system;test_assess_health;test_compliment_response;test_concurrent_system_init;test_context;test_creative_initiative;test_detect_explicit_promise;test_detect_no_promise;test_discover_patterns_fallback;test_emotional_complexity_init;test_evaluate_safe_action;test_evaluate_unsafe_action;test_express_emotion;test_express_need_initial;test_extract_url;test_generate_emotion;test_init;test_metacognition_init;test_methods_exist;test_negative_feedback;test_positive_feedback;test_random_topic;test_self_awareness;test_signature_phrase;test_social_intelligence_support;test_social_intelligence_tones;test_theory_of_mind_init;test_timeout_param;test_update_from_conversation;test_vulnerability_init,core;inspect;integrations;pytest;threading;time
_legacy/v3/tests_old/test_phase4_identity.py,7663,240,06cc1a14ac7c889de1fcc610c9762d450fe014db3e20b09e3b11a116f8b9594c,ok,,,test_enhanced_bot_integration;test_identity_manager,config;core;pathlib;sys
_legacy/v3/tests_old/test_seven_complete.py,29182,728,5f2628fc703a37139fb384fbfc1676bc267d8234a0681cd76daf4ad12576fb85,ok,,TestTracker,__init__;record;test_import,config;core;datetime;integrations;json;os;pathlib;sys;tempfile;time;unittest
_legacy/v3/tests_old/test_v26_sentience.py,25930,631,c70c172268bdbbe846300e9f5313c4439119900b3ba4c6ee7f3cda1449e197fe,ok,,TestTracker,__init__;record;test_import,ast;config;core;datetime;inspect;json;os;pathlib;shutil;sys;tempfile;unittest
_legacy/v3/tests_old/test_v32_wiring.py,7163,205,a8ddb4981c2236e941c45dc5d4d433a4a24639affe8c4dc5b83554dd03a2bb3c,ok,,TestAPIEndpoints;TestDaemonSetup;TestModuleImports;TestNoDummyFallbacks;TestNoHypeLanguage;TestSchedulerTasks;TestSocialSimComplete,test_import_api;test_import_biological_life;test_import_bot_initializers;test_import_daemon;test_import_lora_trainer;test_import_multi_agent;test_import_neat_evolver;test_import_plugin_loader;test_import_robotics;test_import_scheduler;test_import_self_reflection;test_import_social_sim;test_import_user_predictor;test_no_fake_classes_in_enhanced_bot;test_no_unsurpassable_in_config;test_no_unsurpassable_in_readme;test_rotating_handler;test_scheduler_has_v32_tasks;test_social_sim_debate_without_ollama_returns_none;test_social_sim_has_all_methods;test_social_sim_init_without_ollama;test_social_sim_status;test_v32_endpoints_exist,core;evolution;integrations;learning;logging;os;pathlib;seven_api;seven_daemon;seven_scheduler;sys;unittest;utils
_legacy/v3/utils/__init__.py,18,1,fc60a00092a7f4445fd1251e96847477cb78ef6c1cc2884c65d7767cf412937a,ok,,,,
_legacy/v3/utils/helpers.py,2375,66,4685094546702dd03846e3f560e7f30e37a92920dff3e23b8db4a383bd08ee85,ok,,,get_bot_name;get_instance_name;get_random_fact;get_random_joke;set_bot_name,config;pathlib;random;uuid
_legacy/v3/utils/logger.py,1278,48,d58e3e8c6b749ca122517e3f2fa0678f957bd50548b3775f21ca81a5b5da1502,ok,,,setup_logger,config;logging;pathlib;sys
_legacy/v3/utils/plugin_loader.py,24576,705,8e5195d2174b9040a5c0b950230f44e47c87ce93e4c3a829b13e9270dbff4fd1,ok,,LoadedExtension;PluginLoader;SevenExtension,__init__;_ast_scan_imports;_build_context;_ensure_example_exists;_load_file;_scheduler_loop;discover;get_scheduled_extensions;get_status;init;list_extensions;load_all;notify_message;on_message;reload_all;run;run_all;run_extension;start;start_all;start_scheduler;stop;stop_all;stop_scheduler;to_dict,abc;ast;datetime;importlib;inspect;logging;os;pathlib;sys;threading;time;typing
_legacy/v3/verify_gui_fix.py,3538,102,9620349242c5f5fc79e49ca8285812d66b482c547a02f35f6ecc6e6e2863e54f,ok,,,,json;os;pathlib
